{
    "days_since_request": [
        3.936859788721786e-09,
        0.8221799433231354,
        74.86882796330565
    ],
    "bank_branch_count_8w": [
        -1e-10,
        2.5,
        2285
    ],
    "credit_risk_score": [
        18.9999999999,
        24.5,
        103.5,
        144
    ],
    "session_length_in_minutes": [
        0.0317991184850583,
        29.924952507019043,
        80.94792706916544
    ]
}